1497690044899,jer8
1497690044899,astorfi
1497690044899,airycanon
1497690044899,andreacivita
1497690044899,jacobsteves
1497690044899,Atomahawk
1497690044899,OrangesHuang
1497690044899,eveleker
1497690044899,bzsinger
1497690044899,BrielleReiff
1497690044899,3n16m4
1497690044899,kcbroomall
1497690044899,she-dev
1497690044899,ian-bateman
1497690044899,JaeYeopHan
1497690044899,beanz
1497690044899,kaosat-dev
1497690044899,matthieudou
1497690044899,chiamtc
1497690044899,Mons1Oerjan
1497690044899,ederchristian
1497690044899,grisha-chasovskih
1497690044899,bambooom
1497690044899,MarcLoupias
1497690044899,RayJune
1497690044899,gardncl
1497690044899,HustLion
1497690044899,TabletopWhale
1497690044899,skariuki
1497690044899,jhaoheng
1497690044899,dcarlon
1497690044899,bretonics
1497690044899,saraileon
1497690044899,irfan-dahir
1497690044899,GlaIZier
1497690044899,fjrd84
1497690044899,atsea
1497690044899,borilla
1497690044899,samcus
1497690044899,joecodecreations
1497690044899,smarthutza
1497690044899,giantas
1497690044899,qcom
1497690044899,ylathouris
1497690044899,ankur-gupta
1497690044899,spences10
1497690044899,jbenner-radham
1497690044899,amandeepmittal
1497690044899,Amanskywalker
1497690044899,dentemple
1497690044899,persa188
1497690044899,hosein2398
1497690044899,fdaniele85
1497690044899,tejomayonline
1497690044899,itzrahulsoni
1497690044899,richardhell
1497690044899,pvskand
1497690044899,fresh5447
1497690044899,xgdgsc
1497690044899,pokk
1497690044899,yuri-karpovich
1497690044899,heathervv
1497690044899,dcanoh
1497690044899,gigouni
1497690044899,vyach-vasiliev
1497690044899,antfig
1497690044899,Random4405
1497690044899,phicdy
1497690044899,doesitscript
1497690044899,Tiboris
1497690044899,trini148
1497690044899,ccurtin
1497690044899,purplecones
1497690044899,leopaglia
1497690044899,LinArcX
1497690044899,mokachokokarbon
1497690044899,ioulian
1497690044899,VaTz88
1497690044899,zanetu
1497690044899,oluoluoxenfree
1497690044899,perborgen
1497690044899,wmzy
1497690044899,thusitha92
1497690044899,cuarti
1497690044899,marekbruchaty
1497690044899,realdah
1497690044899,CoorFun
1497690044899,rade363
1497690044899,endless-qa
1497690044899,Michael-E-Rose
1497690044899,Fixer-007
1497690044899,digaru19
1497690044899,flaviocarvalho
1497690044899,AbraaoHonorio
1497690044899,DavidMetcalfe
1497690044899,anjoshigor
1497690044899,rajonali
1497690044899,finchatticus
1497690044899,LiJChang
1497690044899,Matonen
1497690044899,brz0
1497690044899,gitbrent
1497690044899,romajs
1497690044899,julianamariemorales
1497690044899,miukimiu
1497690044899,Navneet-Suresh
1497690044899,sohilpandya
1497690044899,lucianosb
1497690044899,KonradIT
1497690044899,dennisreimann
1497690044899,emmanuelnk
1497690044899,lanceruss
1497690044899,znss1989
1497690044899,maiyaporn
1497690044899,SwanMougnoz
1497690044899,cehsu
1497690044899,kristiyandobrev
1497690044899,shbonita
1497690044899,zwaardje
1497690044899,janryWang
1497690044899,baldwmic
1497690044899,markwilliamfirth
1497690044899,metalriders
1497690044899,bakinnear
1497690044899,MiroslavJelaska
1497690044899,daveMad
1497690044899,jskyzero
1497690044899,laudb
1497690044899,swillis93
1497690044899,jimen0
1497690044899,alexhallam
1497690044899,tomlutzenberger
1497690044899,dmbelo
1497690044899,nandadorea
1497690044899,nating
1497690044899,luizbills
1497690044899,mambax7
1497690044899,Shrhawk
1497690044899,FezVrasta
1497690044899,sonalranjit
1497690044899,srajappa
1497690044899,carmelosantana
1497690044899,iabem97
1497690044899,shouston3
1497690044899,bensearle
1497690044899,mellewynia
1497690044899,dkebler
1497690044899,Ksisky
1497690044899,stombre
1497690044899,RavilGubaydullin
1497690044899,vishnu45
1497690044899,colossus9
1497690044899,Neil-G
1497690044899,ricardolobo
1497690044899,guilhermeec
1497690044899,cmwt
1497690044899,lualparedes
1497690044899,vduddu
1497690044899,d33d33
1497690044899,ahyanarizky
1497690044899,zhang0ZGC
1497690044899,robman87
1497690044899,erfanz
1497690044899,WorksOfLiam
1497690044899,josephschmitt
1497690044899,xDae
1497690044899,SeunMatt
1497690044899,Sufflavus
1497690044899,thatguywiththatname
1497690044899,lhawes
1497690044899,lucasbento
1497690044899,tziporaziegler
1497690044899,agentlogic
1497690044899,miketrebilcock
1497690044899,virajkulkarni14
1497690044899,teles
1497690044899,toubou91
1497690044899,nodexo
1497690044899,sebinsua
1497690044899,ochanje210
1497690044899,raymelon
1497690044899,codemarq
1497690044899,mwyatt
1497690044899,ttpro1995
1497690044899,mehmeteminkartal
1497690044899,leviathan-gt3
1497690044899,yageek
1497690044899,deadcoder0904
1497690044899,noojijs
1497690044899,rivukhoda
1497690044899,webyneter
1497690044899,JoseCage
1497690044899,llrs
1497690044899,anfederico
1497690044899,JohnLockwood
1497690044899,daboth
1497690044899,mhaidarh
1497690044899,wgj
1497690044899,Viltaria
1497690044899,acoelhosantos
1497690044899,divayprakash
1497690044899,bohbra
1497690044899,dialex
1497690044899,theangi
1497690044899,brunoti
1497690044899,puttin
1497690044899,osioke
1497690044899,ranb2002
1497690044899,sabgaby
1497690044899,giuband
1497690044899,ggaaooppeenngg
1497690044899,2PacIsAlive
1497690044899,zimmermanw84
1497690044899,chinclubi
1497690044899,dansoah
1497690044899,davidmigloz
1497690044899,penemue
1497690044899,johncorderox
1497690044899,baivong
1497690044899,luankevinferreira
1497690044899,felipexw
1497690044899,alexrochas
1497690044899,pcarbo
1497690044899,maiktheknife
1497690044899,sdwolfe32
1497690044899,picospuch
1497690044899,nogainbar
1497690044899,shubh1m
1497690044899,PrabhanshuAttri
1497690044899,hemangsk
1497690044899,sagaragarwal94
1497690044899,jarifibrahim
1497690044899,zorroblue
1497690044899,nickedes
1497690044899,tapasweni-pathak
1497690044899,preco21
1497690044899,Kirkhammetz
1497690044899,jeremief
1497690044899,guicheffer
1497690044899,alissonperez
1497690044899,enricobacis
1497690044899,fartbagxp
1497690044899,PaliwalSparsh
1497690044899,tonyfast
1497690044899,Kunamatata
1497690044899,t-k-
1497690044899,NikhilBhutani
1497690044899,nisrulz
1497690044899,TakWolf
1497690044899,itsrachelfish
1497690044899,cwonrails
1497690044899,theodorosploumis
1497690044899,byr-gdp
1497690044899,KevinOfNeu
1497690044899,zakkor
1497690044899,abhishekkumar333
1497690044899,ckorakidis
1497690044899,nodeco
1497690044899,yolt
1497690044899,des-des
1497690044899,nrs87
1497690044899,mannynotfound
1497690044899,angusshire
1497690044899,ggdaltoso
1497690044899,akileez
1497690044899,tunnckoCore
1497690044899,notenociz
1497690044899,jackhutu
1497690044899,thegsi
1497690044899,heron2014
1497690044899,katkelemen
1497690044899,piraces
1497690044899,fmoliveira
1497690044899,gepser
1497690044899,czarpino
1497690044899,johnpaulada
1497690044899,zacatac
1497690044899,manojpandey
1497690044899,prio101
1497690044899,NataliaLKB
1497690044899,iTonyYo
1497690044899,ma3east
1497690044899,claireinez
1497690044899,benoitwerner
1497690044899,rub1e
1497690044899,SimonLab
1497690044899,onlinetocode
1497690044899,niwox
1497690044899,hueitan
1497690044899,yoshuawuyts
1497690044899,alanshaw
1497690044899,cvgellhorn
1497690044899,Amit-Thawait
1497690044899,davidpgero
1497690044899,edwardcodes
1497690044899,craigcoles
1497690044899,clarkie
1497690044899,beejhuff
1497690044899,jalbertbowden
1497690044899,andycroll
1497690044899,iamphill
1497690044899,iteles
1497690044899,andrew
1497690044899,gknoy
1497690044899,iancrowther
1497690044899,nelsonic
1497946967373,thomasnieuwland
1497946967373,w96k
