1497690044899,kaoussi
1497690044899,marciomansur
1497690044899,dubkrapht
1497690044899,ATM-SALEH
1497690044899,Remeic
1497690044899,samudary
1497690044899,edumerckx
1497690044899,andrewplan
1497690044899,Caesar73
1497690044899,mhn4work
1497690044899,R3oLoN
1497690044899,fescate
1497690044899,sujanstha
1497690044899,megataps
1497690044899,MarcoCFA
1497690044899,rferro
1497690044899,osmankincal
1497690044899,citypaul
1497690044899,alieslamifard
1497690044899,xgenvn
1497690044899,uggds
1497690044899,Samatar26
1497690044899,anya92
1497690044899,andela-odaniel
1497690044899,anshul9pi
1497690044899,IzayaFirst
1497690044899,Grenoblois
1497690044899,gadflying
1497690044899,karimsallam
1497690044899,mattshirtliffe
1497690044899,bplus
1497690044899,omniscient
1497690044899,grynienp
1497690044899,rayxia
1497690044899,saqing
1497690044899,Sparklet73
1497690044899,cardotrejos
1497690044899,minibugdev
1497690044899,joeylouise
1497690044899,PiotrBerebecki
1497690044899,oslvbo
1497690044899,arttuladhar
1497690044899,tk120404
1497690044899,ldong
1497690044899,smuemd
1497690044899,leijing7
1497690044899,allegewhd
1497690044899,jasonszhao
1497690044899,ClementDelaunay
1497690044899,aryasadeghy
1497690044899,tralphy
1497690044899,aykuttasil
1497690044899,cfirmo33
1497690044899,ppamorim
1497690044899,Kuchiriel
1497690044899,berakahlabs
1497690044899,amath
1497690044899,elmadah
1497690044899,abramenal
1497690044899,barbietunnie
1497690044899,ahemphill
1497690044899,zenwalk
1497690044899,capturecadet
1497690044899,wfoxd
1497690044899,mcchrish
1497690044899,zetaverse
1497690044899,ricsirigu
1497690044899,antoinemetifeu
1497690044899,sradvanski
1497690044899,newswim
1497690044899,amaurycatelan
1497690044899,martineboh
1497690044899,mhscapim
1497690044899,ChrisWphoto
1497690044899,fadec
1497690044899,rossedman
1497690044899,faghani
1497690044899,robman87
1497690044899,littleboss
1497690044899,subins
1497690044899,emanuelrosa
1497690044899,ifvictr
1497690044899,foranton
1497690044899,markwilliamfirth
1497690044899,CNBlackJ
1497690044899,volash86
1497690044899,ezralalonde
1497690044899,yortz
1497690044899,namuit
1497690044899,thirawutp
1497690044899,bamoo456
1497690044899,kandros
1497690044899,dittodhole
1497690044899,sagarparikh
1497690044899,ilyachenko
1497690044899,tompiarulli
1497690044899,dhamaniasad
1497690044899,dannyppaz
1497690044899,uilyam
1497690044899,iagomelanias
1497690044899,tlkh2311
1497690044899,JustinLien
1497690044899,cse031sust02
1497690044899,jwray
1497690044899,markhu
1497690044899,mustardamus
1497690044899,weisuoke
1497690044899,rebootd
1497690044899,Pygocentrus
1497690044899,inshideru
1497690044899,xadamy
1497690044899,alterx
1497690044899,stefholbrook
1497690044899,TylerKirkpatrick
1497690044899,AnianZ
1497690044899,ZZR-china
1497690044899,xudongcamsys
1497690044899,muhtarudinsiregar
1497690044899,zhenghua75
1497690044899,robotomize
1497690044899,styler
1497690044899,attomos
1497690044899,bcamacho
1497690044899,lanskey
1497690044899,vaucouleur
1497690044899,duycuong87vn
1497690044899,pminnieur
1497690044899,treyhuffine
1497690044899,2201pandey
1497690044899,vitortalaia
1497690044899,zhulin2609
1497690044899,pavl1
1497690044899,AlanHassen
1497690044899,quiet324
1497690044899,ktkization
1497690044899,omidh28
1497690044899,deadcoder0904
1497690044899,thibmaek
1497690044899,zhqy
1497690044899,JayFliz
1497690044899,wltgreenwood
1497690044899,vsarpe
1497690044899,nicodinh
1497690044899,gmanfredi
1497690044899,jqwel
1497690044899,pmadar
1497690044899,ellerbrock
1497690044899,jorgevalls23
1497690044899,pgom
1497690044899,pannz
1497690044899,freitasjuciel
1497690044899,RodrigoJacznik
1497690044899,reaneyk
1497690044899,andrew310
1497690044899,d3viant0ne
1497690044899,moogalin
1497690044899,firede
1497690044899,cse-tushar
1497690044899,robmcguinness
1497690044899,essxiv
1497690044899,robhorrigan
1497690044899,ssreekanth
1497690044899,AnnekaSillitoe
1497690044899,studevguy
1497690044899,louy2
1497690044899,bnjjj
1497690044899,jbpionnier
1497690044899,JoseCage
1497690044899,ryanmcintire
1497690044899,connor11528
1497690044899,gusgard
1497690044899,vitorbaptista
1497690044899,7fELF
1497690044899,jeffstieler
1497690044899,Y-LyN-10
1497690044899,padrisimo
1497690044899,BurntCaramel
1497690044899,michalkowol
1497690044899,Fraccaman
1497690044899,jkvora
1497690044899,AaronSum
1497690044899,amtruenorth
1497690044899,ToonDC
1497690044899,sandrinodimattia
1497690044899,shebinleo
1497690044899,nikolenkoanton92
1497690044899,lucasviola
1497690044899,Shridhad
1497690044899,LasaleFamine
1497690044899,larsbs
1497690044899,vmlinz
1497690044899,mrkidsan
1497690044899,jrutter
1497690044899,jvrdom
1497690044899,one-aalam
1497690044899,brunowego
1497690044899,developer-rakeshpaul
1497690044899,rafakato
1497690044899,IbnSaeed
1497690044899,jpalala
1497690044899,marcogbarcellos
1497690044899,kujeah
1497690044899,EmmaDeacon
1497690044899,eownis
1497690044899,jchatkinson
1497690044899,MarckK
1497690044899,nogainbar
1497690044899,AyumiKai
1497690044899,sachinsawant71
1497690044899,camerow
1497690044899,fouadkada
1497690044899,AndreVarandas
1497690044899,anaibol
1497690044899,prashaantt
1497690044899,leandrogrillo
1497690044899,ba55ie
1497690044899,eiriklv
1497690044899,yapjiaqing
1497690044899,ahmed1490
1497690044899,5plus5
1497690044899,hoanghiep
1497690044899,NexZhu
1497690044899,ethanrubio
1497690044899,oemdaro
1497690044899,nickleefly
1497690044899,jw84
1497690044899,pteich
1497690044899,JonSchapiro
1497690044899,LuisCDias
1497690044899,goodmind
1497690044899,kkochanski
1497690044899,108adams
1497690044899,samkelleher
1497690044899,ihorskyi
1497690044899,TheSuperFly
1497690044899,maielo
1497690044899,yereby
1497690044899,tiret
1497690044899,mbury
1497690044899,epik000
1497690044899,Shivang44
1497690044899,matteodelv
1497690044899,kevinnguy
1497690044899,jarontai
1497690044899,rkasula
1497690044899,n1arash
1497690044899,alejandronanez
1497690044899,andrewmile
1497690044899,dogrocker
1497690044899,garfbargle
1497690044899,tsm91
1497690044899,tosman
1497690044899,yson
1497690044899,judewang
1497690044899,Sturgelose
1497690044899,bjork24
1497690044899,august-zou
1497690044899,xemoe
1497690044899,ParthaBoocha
1497690044899,dvrylc
1497690044899,rpun
1497690044899,grajib23
1497690044899,getaclue
1497690044899,jameskolce
1497690044899,bulgakovk
1497690044899,robsonmafra
1497690044899,PetrKohut
1497690044899,akbaryu
1497690044899,faberyx
1497690044899,alexandre7
1497690044899,leftjs
1497690044899,chrisalcantara
1497690044899,nishtacular
1497690044899,renzosal
1497690044899,nikitasfrs
1497690044899,hzlmn
1497690044899,tezlopchan
1497690044899,tsevdos
1497690044899,tanmaypatel
1497690044899,sasharlemin
1497690044899,nwhitmont
1497690044899,agrimsingh
1497690044899,tinchoz49
1497690044899,shatgupt
1497690044899,divramod
1497690044899,fdvj
1497690044899,ryeegee
1497690044899,dpaez
1497690044899,imom39a
1497690044899,mattshaffer11
1497690044899,irijcken
1497690044899,tcelestino
1497690044899,mk4111
1497690044899,miknonny
1497690044899,otajor
1497690044899,BrandonRomano
1497690044899,cslysy
1497690044899,loiclaudet
1497690044899,alexandrupetrescu94
1497690044899,robbenmu
1497690044899,gaboesquivel
1497690044899,monofrio
1497690044899,Gattermeier
1497690044899,CClerville
1497690044899,ianstalter123
1497690044899,Tailzip
1497690044899,alexpertsev
1497690044899,ptzagk
1497690044899,philiplopez
1497690044899,voveph
1497690044899,piyushchauhan2011
1497690044899,iwasrobbed
1497690044899,waywaaard
1497690044899,yaempioy
1497690044899,rchan099
1497690044899,markandrewj
1497690044899,zayyarphone
1497690044899,pigiuz
1497690044899,honggui
1497690044899,nikhilaravi
1497690044899,esdee-git
1497690044899,ibrahim9
1497690044899,BrunoAlcides
1497690044899,lucasbastianik
1497690044899,ltoshea
1497690044899,katbow
1497690044899,andrewMacmurray
1497690044899,hodorswit
1497690044899,adiospace
1497690044899,Thomas-P
1497690044899,highiq
1497690044899,agauniyal
1497690044899,ikhsan
1497690044899,mhaidarh
1497690044899,gafful
1497690044899,pirafrank
1497690044899,osmelmora
1497690044899,danielsef
1497690044899,ccnokes
1497690044899,remirobert
1497690044899,mistyharsh
1497690044899,songawee
1497690044899,aef-
1497690044899,maheshbabu
1497690044899,livfwd
1497690044899,marcioadr88
1497690044899,ArsalanDotMe
1497690044899,n0roo
1497690044899,ghsyeung
1497690044899,bemurphy
1497690044899,dustinryerson
1497690044899,iTonyYo
1497690044899,DenQ
1497690044899,menjaraz
1497690044899,wootsaejao
1497690044899,vdt
1497690044899,mattii
1497690044899,hasinhayder
1497690044899,mattcam
1497690044899,mattiasewers
1497690044899,mugli
1497690044899,jythomart
1497690044899,MunGell
1497690044899,Charlotteis
1497690044899,tobkle
1497690044899,sainttail
1497690044899,miquelnez
1497690044899,melbarch
1497690044899,moreta
1497690044899,thegsi
1497690044899,naazy
1497690044899,Jbarget
1497690044899,katkelemen
1497690044899,tormod17
1497690044899,Conorc1000
1497690044899,lokenx
1497690044899,AdrieanKhisbe
1497690044899,carlos-r-mendoza
1497690044899,sohilpandya
1497690044899,hzpy
1497690044899,Sogl
1497690044899,robbiethegeek
1497690044899,thefoxjob
1497690044899,NoRKin
1497690044899,angusshire
1497690044899,sirakoff
1497690044899,funkymonkeymonk
1497690044899,trizz
1497690044899,josephdburdick
1497690044899,pruett
1497690044899,miklosme
1497690044899,jesusprubio
1497690044899,jonathansamines
1497690044899,davidchin
1497690044899,gabrielperales
1497690044899,delvedor
1497690044899,carloscasalar
1497690044899,mattludwigs
1497690044899,heron2014
1497690044899,meherranjan
1497690044899,dwelle
1497690044899,ConAntonakos
1497690044899,mizhac
1497690044899,aazlant
1497690044899,giulianolatini
1497690044899,klapouchy
1497690044899,iyn
1497690044899,yoamomonstruos
1497690044899,da-vaibhav
1497690044899,nodeco
1497690044899,omarsmak
1497690044899,davidbnk
1497690044899,yolt
1497690044899,leandroalemao
1497690044899,samrocksc
1497690044899,mliq
1497690044899,djensen47
1497690044899,ukrittang
1497690044899,DaneEveritt
1497690044899,paulstefanday
1497690044899,lynnaloo
1497690044899,gitawego
1497690044899,nunks500
1497690044899,mollfrey
1497690044899,schettino
1497690044899,victorkane
1497690044899,tebanep
1497690044899,Ricardo07
1497690044899,1hndrxx
1497690044899,ilyaa1
1497690044899,kwcto
1497690044899,ishan-marikar
1497690044899,adityasaxena
1497690044899,iwanjunaid
1497690044899,joseluisq
1497690044899,timktchan
1497690044899,fmoliveira
1497690044899,ilmsg
1497690044899,chibicode
1497690044899,cunningryan
1497690044899,willklein
1497690044899,galenandrew
1497690044899,catataw
1497690044899,guerreiro
1497690044899,cbracco
1497690044899,gabrielcorado
1497690044899,AgtLucas
1497690044899,msmichellegar
1497690044899,wivorn
1497690044899,hnq90
1497690044899,bencooling
1497690044899,aselivanov
1497690044899,keberox
1497690044899,Jaraxal
1497690044899,kaicataldo
1497690044899,duncanawerbuck
1497690044899,devlim
1497690044899,lrobot
1497690044899,axpro
1497690044899,izaakrogan
1497690044899,lfridael
1497690044899,NataliaLKB
1497690044899,sofer
1497690044899,amilvasishtha
1497690044899,cuongcua90
1497690044899,aaronazlant
1497690044899,kureikain
1497690044899,shamsher31
1497690044899,mikejerome
1497690044899,lporras
1497690044899,elf-pavlik
1497690044899,eluciano11
1497690044899,Jpadilla1
1497690044899,alistairharris
1497690044899,jonathansamines-xoom
1497690044899,crowl
1497690044899,g13n
1497690044899,bitNomad
1497690044899,rgcr
1497690044899,jrmce
1497690044899,brezal
1497690044899,thebinarypenguin
1497690044899,iostat42
1497690044899,tielur
1497690044899,alfonsomga
1497690044899,iwatakeshi
1497690044899,eloop
1497690044899,harriha
1497690044899,bryanleonard
1497690044899,torosgo
1497690044899,Duelist
1497690044899,coolmenu
1497690044899,RoneyThomas
1497690044899,bravepanda
1497690044899,Neats29
1497690044899,MIJOTHY
1497690044899,asimjaved
1497690044899,oluoluoxenfree
1497690044899,leope
1497690044899,georgeyue
1497690044899,mjurincic
1497690044899,troyastorino
1497690044899,rodrigosdo
1497690044899,Kevinlearynet
1497690044899,Phonbopit
1497690044899,cwilgenhoff
1497690044899,akashgupta88
1497690044899,zackgao
1497690044899,bplabombarda
1497690044899,stuartweir
1497690044899,marcioalthmann
1497690044899,dustrider
1497690044899,tonylife
1497690044899,dcernach
1497690044899,edwardcodes
1497690044899,intool
1497690044899,dublx
1497690044899,DimychOcean
1497690044899,daniel-norman-sociomantic
1497690044899,ahmedelgabri
1497690044899,eabait
1497690044899,kevinold
1497690044899,mnquintana
1497690044899,carloscarcamo
1497690044899,gyaresu
1497690044899,HimanshPal
1497690044899,dejandomarcas
1497690044899,petrbrzek
1497690044899,coolxeo
1497690044899,kikoanis
1497690044899,callerc1
1497690044899,muraliv
1497690044899,schlos
1497690044899,ugurcanekimci
1497690044899,ammbot
1497690044899,voronianski
1497690044899,valtlfelipe
1497690044899,iamMonzurul
1497690044899,sh4hin
1497690044899,jkotrba
1497690044899,aleury
1497690044899,byoigres
1497690044899,uzysjung
1497690044899,thoughtquery
1497690044899,iteles
1497690044899,poeticninja
1497690044899,geek
1497690044899,dunamis1974
1497690044899,jeltok
1497690044899,KrishnaSwathi
1497690044899,gingermusketeer
1497690044899,growlybear
1497690044899,dreamineering
1497690044899,fusionstrings
1497690044899,morridm
1497690044899,nelsonic
1497690044899,hyprstack
