1497690044899,tanken
1497690044899,KarolBrzeski
1497690044899,markwilliamfirth
1497690044899,quiet324
1497690044899,JoseCage
1497690044899,ethanrubio
1497690044899,j0shua
1497690044899,bmkmanoj
1497690044899,mkelley33
1497690044899,angusshire
1497690044899,carloscasalar
1497690044899,AlejoJamC
1497690044899,sohilpandya
1497690044899,thegsi
1497690044899,nodeco
1497690044899,tsop14
1497690044899,heron2014
1497690044899,fmoliveira
1497690044899,SimonLab
1497690044899,ishida83
1497690044899,tunnckoCore
1497690044899,oluoluoxenfree
1497690044899,edwardcodes
1497690044899,intool
1497690044899,FilWisher
1497690044899,StefanScherer
1497690044899,domgom
1497690044899,KrishnaSwathi
1497690044899,poeticninja
1497690044899,mhaidarh
1497690044899,iteles
1497690044899,lourenzo
1497690044899,alan5281
1497690044899,paulvi
1497690044899,manojkumarm
1497690044899,nelsonic
1497690044899,BRMatt
1497690044899,richcasesa
1497690044899,larsbutzmann
1497690044899,hyprstack
