1497689981723,nelsonic
1497689981723,iteles
1497689981723,maggiomaressoftware
1497689981723,carolinerusso
1497689981723,des-des
1497689981723,manonthemat
1497689981723,webwelten
1497689981723,chisNaN
1497689981723,protomorph
1497689981723,JackTierney
1497689981723,sondreb
1497689981723,mckennapsean
1497689981723,ajmalafif
1497689981723,valterlima
1497689981723,harrygfox
1497689981723,Kumjami
1497689981723,emmabeynon
1497689981723,nogainbar
1497689981723,matthewiiv
1497689981723,joewoodcock
1497689981723,adell04
1497689981723,perrin4869
1497689981723,pscott-au
1497689981723,jyenes
1497689981723,roryc89
1497689981723,artitudinale1
1497689981723,eiriklv
1497689981723,gregorychalenko
1497689981723,raonav
1497689981723,computingfreak
1497689981723,lucasviola
1497689981723,boyarskiy
1497689981723,LandoLabrum
1497689981723,harumburum
1497689981723,TonyRenHK
1497689981723,rodrigo-medeiros
1497689981723,naazy
1497689981723,Conorc1000
1497689981723,designmeltdown
1497689981723,numo-labs-ci
1497689981723,eosimosu
1497689981723,RhodesPeter
1497689981723,gusgard
1497689981723,vasifer
1497689981723,SimonLab
1497689981723,Cleop
1497689981723,matthewglover
1497689981723,cse-tushar
1497689981723,chiraglss
1497689981723,pacikav
1497689981723,Adamcey
1497690044899,bpstein
1497690044899,shkur
1497690044899,petegarvin1
1497690044899,tomhuhges
1497690044899,tekclik
1497690044899,SeanGallen
1497690044899,emilyb7
1497690044899,skibinska
1497690044899,msachi
1497690044899,deadcoder0904
1497690044899,sohilpandya
1497690044899,keelerh
1497690044899,denesnori
1497690044899,CruiseDevice
1497690044899,VitaliyKovtun
1497690044899,jjperezaguinaga
1497690044899,eduponte
1497690044899,quiet324
1497690044899,coudrew
1497690044899,MassimoCappellano
1497690044899,rchovatiya88
1497690044899,techguydiy
1497690044899,Charlotteis
1497690044899,jurnalanas
1497690044899,vikingchess
1497690044899,ITJoePC
1497690044899,Y-LyN-10
1497690044899,amitmawkin
1497690044899,YvesMuyaBenda
1497690044899,jaimehta
1497690044899,code4idiot
1497690044899,Datcood
1497690044899,joeylouise
1497690044899,jstalavera
1497690044899,bboydflo
1497690044899,english-um-a-um
1497690044899,pbywater
1497690044899,antoniotrkdz
1497690044899,carloslfu
1497690044899,victorsmseo
1497690044899,karinakozarova
1497690044899,tracyghz
1497690044899,alexmanyeki
1497690044899,UgurAldanmaz
1497690044899,Jbarget
1497690044899,patentpendingideas
1497690044899,chrisdesrochers
1497690044899,labnol
1497690044899,gbrmachado
1497690044899,bron10
1497690044899,emersonmellado
1497690044899,yuri8p
1497690044899,davemikolaj
1497690044899,M1SF3T
1498309522306,bAndie91
1498309522306,jer8
1498309522306,dsheyp
1498309522306,AbimaelAndrade
