1497690044899,kurokouda
1497690044899,TdevM
1497690044899,Geril
1497690044899,kiqs
1497690044899,marcoroganovic
1497690044899,JQiu
1497690044899,shinta115
1497690044899,fnky
1497690044899,umeboshi2
1497690044899,shermanwaiwai
1497690044899,aeroxmotion
1497690044899,Fenicio
1497690044899,roccomuso
1497690044899,delvedor
1497690044899,appurist
1497690044899,nwshane
1497690044899,ahmetoz
1497690044899,alan2207
1497690044899,vvasilev-
1497690044899,ericzon
1497690044899,DyncMing
1497690044899,ezra-obiwale
1497690044899,sergeytunnik
1497690044899,skparallax
1497690044899,DaniArnaout
1497690044899,LuCavallin
1497690044899,chuckrincon
1497690044899,DenisKondrachukYi
1497690044899,naratipud
1497690044899,elniffi
1497690044899,wofi-minh
1497690044899,caseycs
1497690044899,nusmql
1497690044899,nontachaiwebdev
1497690044899,Jimmy02020
1497690044899,gatspy
1497690044899,codeinaire
1497690044899,suryast
1497690044899,gie3d
1497690044899,ThomasG77
1497690044899,imccunn
1497690044899,Carrie-Oh
1497690044899,byhbt
1497690044899,luoyaqifei
1497690044899,tomoat
1497690044899,Rebaiahmed
1497690044899,DamianReeves
1497690044899,Elih96
1497690044899,sescobb27
1497690044899,husm
1497690044899,nebiros
1497690044899,nicelj
1497690044899,wxyyxc1992
1497690044899,tomaszbakula
1497690044899,jpdelatorre
1497690044899,Manri98
1497690044899,samprity
1497690044899,stepankuzmin
1497690044899,mkordo
1497690044899,singhnitesh
1497690044899,curdwithraisins
1497690044899,HansonLu
1497690044899,RuslanZavacky
1497690044899,mingliao
1497690044899,CoSNaYe
1497690044899,yavorski
1497690044899,brayancruces
1497690044899,kuzmicheff
1497690044899,ffsky128
1497690044899,dungvu-qe
1497690044899,squarenomad
1497690044899,sanae10001
1497690044899,taptapdan
1497690044899,gerxiu
1497690044899,rferro
1497690044899,hoaivan
1497690044899,martinsotirov
1497690044899,dector
1497690044899,farant
1497690044899,arshdkhn1
1497690044899,vinaypuppal
1497690044899,jlobos
1497690044899,eashish93
1497690044899,forrestsun
1497690044899,limerentfox
1497690044899,barakplasma
1497690044899,braden337
1497690044899,bodhwani
1497690044899,onuradsay
1497690044899,ursuleacv
1497690044899,gopalindians
1497690044899,denji
1497690044899,ahmedlhanafy
1497690044899,SoleNero
1497690044899,ar-maged
1497690044899,tk120404
1497690044899,leijing7
1497690044899,ravshansbox
1497690044899,piyushmakhija
1497690044899,allegewhd
1497690044899,morozRed
1497690044899,afeicool
1497690044899,barbietunnie
1497690044899,xuyang2
1497690044899,mfDK
1497690044899,newswim
1497690044899,jjmpsp
1497690044899,oslvbo
1497690044899,sofly
1497690044899,Alwayswithme
1497690044899,brinka
1497690044899,zymokey
1497690044899,MuhamedFathy
1497690044899,mlegy
1497690044899,sjarman91
1497690044899,ssethu24
1497690044899,ankit-json
1497690044899,ahemphill
1497690044899,turakvlad
1497690044899,ellerbrock
1497690044899,dennyd
1497690044899,hmontes
1497690044899,s-evgheni
1497690044899,yongshin
1497690044899,zs9912
1497690044899,mrwanashraf
1497690044899,duhow
1497690044899,lastmjs
1497690044899,xpolb01
1497690044899,MarcoNicolodi
1497690044899,krmdrsvgl
1497690044899,Sm1t
1497690044899,Lodufqa
1497690044899,wangxh89
1497690044899,thiagotpc
1497690044899,roketworks
1497690044899,sinchan
1497690044899,BiteBit
1497690044899,avmohan
1497690044899,dtoopran
1497690044899,pavelbely
1497690044899,markwilliamfirth
1497690044899,RipleyLudicrous1979
1497690044899,waltcow
1497690044899,towry
1497690044899,makrandgupta
1497690044899,deepakps22
1497690044899,rockshappy
1497690044899,moh8med
1497690044899,TrillCyborg
1497690044899,hlucasfranca
1497690044899,atralice
1497690044899,explicitcall
1497690044899,vladgolubev
1497690044899,chrillo
1497690044899,channprj
1497690044899,opklnm102
1497690044899,iBluemind
1497690044899,bockscar
1497690044899,d2bit
1497690044899,lucasdavila86
1497690044899,WeRockStar
1497690044899,yusiwen
1497690044899,qirt
1497690044899,ststeiger
1497690044899,joe11051105
1497690044899,felipebernardes
1497690044899,RegencySoftware
1497690044899,lsimmons2
1497690044899,happylinks
1497690044899,ronenhamias
1497690044899,9andresc
1497690044899,sparke16
1497690044899,dev1337
1497690044899,mybks
1497690044899,Gusbenz
1497690044899,wldn
1497690044899,zokeber
1497690044899,rafidude
1497690044899,umang736
1497690044899,renjithgr
1497690044899,rShetty
1497690044899,qktechies
1497690044899,adamgibbons
1497690044899,billgo
1497690044899,rsax
1497690044899,redgang
1497690044899,knutwalker
1497690044899,MartinSeeler
1497690044899,natp0ng
1497690044899,sajdre
1497690044899,honestrock
1497690044899,Sharez
1497690044899,faelperetta
1497690044899,Peanutbutteer
1497690044899,Chan11
1497690044899,cxm170
1497690044899,ZZR-china
1497690044899,AmrMekkawy
1497690044899,nunomazer
1497690044899,wshirey
1497690044899,tvukusic
1497690044899,philster
1497690044899,bdart
1497690044899,iiitmahesh
1497690044899,StevenBlack
1497690044899,plyr0
1497690044899,maks
1497690044899,DammianMiller
1497690044899,ilhnctn
1497690044899,ashishsinghdev
1497690044899,andyxning
1497690044899,wklken
1497690044899,jonsmithers
1497690044899,JohanCodinha
1497690044899,coin8086
1497690044899,connor11528
1497690044899,jahnestacado
1497690044899,JoseCage
1497690044899,jschr
1497690044899,KevinTCoughlin
1497690044899,mbeaudru
1497690044899,rbaumier
1497690044899,labibramadhan
1497690044899,ivieira
1497690044899,nvma
1497690044899,quiet324
1497690044899,karolgorecki
1497690044899,jgautheron
1497690044899,piotrkubisa
1497690044899,akdetrick
1497690044899,solomaquina
1497690044899,robin-ambachtsheer
1497690044899,lima9
1497690044899,mikechi4
1497690044899,toddwprice
1497690044899,tohjustin
1497690044899,rafaeljesus
1497690044899,annejohnson
1497690044899,deadcoder0904
1497690044899,zacharyclaysmith
1497690044899,imTachu
1497690044899,arangas
1497690044899,joynal
1497690044899,jagan25
1497690044899,rynmsh
1497690044899,klingtnet
1497690044899,speedornothing
1497690044899,nicodinh
1497690044899,robertjanes
1497690044899,enchantour
1497690044899,bkzhn
1497690044899,tmhn
1497690044899,ivolivares
1497690044899,maael
1497690044899,benjaminparnell
1497690044899,matthewbordas
1497690044899,thomascsd
1497690044899,suvajit
1497690044899,kodekracker
1497690044899,jahongir28
1497690044899,jeongsd
1497690044899,fredguile
1497690044899,slinhart
1497690044899,mhaagens
1497690044899,tlegrand10
1497690044899,miclovich
1497690044899,regniblod
1497690044899,hyleong
1497690044899,andreyzenkov
1497690044899,mainTao
1497690044899,adriandias
1497690044899,jim-y
1497690044899,doppioslash
1497690044899,alexanderko
1497690044899,automata
1497690044899,timelf123
1497690044899,vattytrivedi
1497690044899,lanhuai
1497690044899,buenolucas
1497690044899,biadq
1497690044899,dungnm-vt
1497690044899,monczek
1497690044899,flunardelli
1497690044899,midshipman
1497690044899,onlurking
1497690044899,JoshSpears3
1497690044899,esummers
1497690044899,sachsy
1497690044899,piglei
1497690044899,liu0013
1497690044899,saivarunk
1497690044899,baldwmic
1497690044899,menduo
1497690044899,beresford211
1497690044899,kkochanski
1497690044899,essxiv
1497690044899,feyyazakkus
1497690044899,maaaikoool
1497690044899,byoigres
1497690044899,kennylee26
1497690044899,mzdr
1497690044899,jameskolce
1497690044899,fabiodr
1497690044899,threefoldo
1497690044899,DevinHe
1497690044899,tomByrer
1497690044899,santoshgistto
1497690044899,prichodko
1497690044899,shingt
1497690044899,cyrilschumacher
1497690044899,gamontalvo
1497690044899,estebanprimost
1497690044899,srimajji
1497690044899,tinchoz49
1497690044899,AnatoliyGatt
1497690044899,MarckK
1497690044899,richardtallent
1497690044899,morrxy
1497690044899,fbertone
1497690044899,nunofmn
1497690044899,roquie
1497690044899,pero86
1497690044899,yvele
1497690044899,rodrigosdo
1497690044899,jgatjens
1497690044899,chriskaukis
1497690044899,aleksasteam
1497690044899,koobitor
1497690044899,pacuna
1497690044899,Mister-WU
1497690044899,sliz1
1497690044899,krishnaarava
1497690044899,vtokmak
1497690044899,fbonetti
1497690044899,LasaleFamine
1497690044899,starlightyear
1497690044899,zack9433
1497690044899,9Y5
1497690044899,lucaslago
1497690044899,ichigotake
1497690044899,mauran
1497690044899,iandesj
1497690044899,daniphilia
1497690044899,T1T4N
1497690044899,donjae
1497690044899,paiboon15721
1497690044899,shafeen
1497690044899,michaelzoidl
1497690044899,bfarayev
1497690044899,Stukongeluk
1497690044899,antonsteenvoorden
1497690044899,f7q
1497690044899,jasonjustice73
1497690044899,markheath
1497690044899,gp-fukuhara
1497690044899,ice5050
1497690044899,longuyen1
1497690044899,gordonmzhu
1497690044899,benjohnde
1497690044899,kinvil
1497690044899,wk-j
1497690044899,williamhallatt
1497690044899,ksibod
1497690044899,eiriklv
1497690044899,kevinold
1497690044899,aewens
1497690044899,modestkdr
1497690044899,NexZhu
1497690044899,geekydatamonkey
1497690044899,v4n
1497690044899,alp82
1497690044899,Isabek
1497690044899,martinnormark
1497690044899,germaaan
1497690044899,CognitiveBurden
1497690044899,ezze
1497690044899,willmorgan
1497690044899,zaplitny
1497690044899,perborgen
1497690044899,flrngel
1497690044899,rcholic
1497690044899,mic-kul
1497690044899,irahulsingh
1497690044899,pillowsoft
1497690044899,ymhuang0808
1497690044899,code-for-coffee
1497690044899,alex-cory
1497690044899,yahtnif
1497690044899,wildcard
1497690044899,svenhornberg
1497690044899,mmwtsn
1497690044899,davemcnally
1497690044899,nvignola
1497690044899,mcchrish
1497690044899,benjamincanac
1497690044899,kaoussi
1497690044899,NotARealTree
1497690044899,roceller
1497690044899,wordyallen
1497690044899,dataoracle
1497690044899,mrphishxxx
1497690044899,purezen
1497690044899,ank-it
1497690044899,joseluisq
1497690044899,tsm91
1497690044899,Kabishou
1497690044899,hnq90
1497690044899,shajiquan
1497690044899,duyetdev
1497690044899,hjzheng
1497690044899,appleboy
1497690044899,smilejos
1497690044899,roth1002
1497690044899,chentsulin
1497690044899,izumskee
1497690044899,mjgil
1497690044899,longplay
1497690044899,jakedex
1497690044899,kevinxh
1497690044899,TiagoWinehouse
1497690044899,alvarowolfx
1497690044899,swissspidy
1497690044899,lerrua
1497690044899,MaySnow
1497690044899,yiskang
1497690044899,grajib23
1497690044899,divramod
1497690044899,dvrylc
1497690044899,jorandradefig
1497690044899,kalinkrustev
1497690044899,laurentkempe
1497690044899,hustcer
1497690044899,zhaiduo
1497690044899,akbaryu
1497690044899,uzmo
1497690044899,osharim
1497690044899,alexandre7
1497690044899,svlada
1497690044899,ibotdotout
1497690044899,lufthavn
1497690044899,terrytowne
1497690044899,KhalilZaidoun
1497690044899,vjames19
1497690044899,tribou
1497690044899,biganth
1497690044899,diovanemonteiro
1497690044899,camilocosta
1497690044899,andrew-starosciak
1497690044899,sunny-g
1497690044899,codetrash
1497690044899,ambauer
1497690044899,joshburgess
1497690044899,paulstefanday
1497690044899,queckezz
1497690044899,ahdinosaur
1497690044899,du5t
1497690044899,fagnercarvalho
1497690044899,taoeffect
1497690044899,xdimedrolx
1497690044899,AymanJitan
1497690044899,JustinBeaudry
1497690044899,minaorangina
1497690044899,isomoar
1497690044899,katbow
1497690044899,otajor
1497690044899,tu6619
1497690044899,fyunli
1497690044899,oksas
1497690044899,fkuril
1497690044899,mrsinguyen
1497690044899,fmoliveira
1497690044899,ankitpopli1891
1497690044899,ometra
1497690044899,fibo
1497690044899,pmuens
1497690044899,xadamy
1497690044899,osiloke
1497690044899,fredstrange
1497690044899,mistyharsh
1497690044899,futurist
1497690044899,ccll
1497690044899,aredo
1497690044899,johnrjj
1497690044899,mamal72
1497690044899,rhalff
1497690044899,gregtandiono
1497690044899,garmjs
1497690044899,ShahriarHD
1497690044899,rchan099
1497690044899,mrteera
1497690044899,n370
1497690044899,brunoric
1497690044899,cristianp6
1497690044899,thekemkid
1497690044899,equatorlounge
1497690044899,tylerbuchea
1497690044899,fsenart
1497690044899,choirudin2210
1497690044899,mhaidarh
1497690044899,wangyingang
1497690044899,MeBNoah
1497690044899,bingfengzhu
1497690044899,krizon
1497690044899,eriwin
1497690044899,ccnokes
1497690044899,belano
1497690044899,raunaqrox
1497690044899,marcioadr88
1497690044899,andrewyang96
1497690044899,christianmalek
1497690044899,fleg
1497690044899,tahmina8765
1497690044899,hasinhayder
1497690044899,joephon
1497690044899,pito-svk
1497690044899,superalsrk
1497690044899,mugli
1497690044899,brianmcd
1497690044899,rojaswilmer
1497690044899,lucamartellucci
1497690044899,tobkle
1497690044899,lucastschmidt
1497690044899,goofansu
1497690044899,jonahaga
1497690044899,cf-ssharma
1497690044899,akluew
1497690044899,EdisonChendi
1497690044899,Darkle
1497690044899,muhammadghazali
1497690044899,codematix
1497690044899,SimonLab
1497690044899,jonathansamines
1497690044899,roryrjb
1497690044899,nelsonic
1497690044899,charliemc
1497690044899,mateeyow
1497690044899,angusshire
1497690044899,artlantis
1497690044899,Taximan
1497690044899,rarkins
1497690044899,maumercado
1497690044899,Dindaleon
1497690044899,leventekk
1497690044899,Tchouk
1497690044899,Conorc1000
1497690044899,ageorgios
1497690044899,Jbarget
1497690044899,he110world
1497690044899,tsop14
1497690044899,xiechao06
1497690044899,mushkin-v
1497690044899,ashlinchak
1497690044899,toboid
1497690044899,gabrielperales
1497690044899,ugurcanekimci
1497690044899,mariangibala
1497690044899,da-vaibhav
1497690044899,bmcmahen
1497690044899,Michael2008S
1497690044899,ayoungh
1497691388641,iyn
1497691388641,dmtttvn
1497691388641,nodeco
1497691388641,jemmanuel
1497691388641,matthewstokeley
1497691388641,jbravar
1497691388641,lolu
1497691388641,likwid
1497691388641,timtyrrell
1497691388641,natehefner
1497691388641,iheanyi
1497691388641,gi4nks
1497691388641,DragonI
1497691388641,yolt
1497691388641,fredycc
1497691388641,eterna2
1497691388641,nbosa
1497691388641,paulofreitas
1497691388641,yoshidax
1497691388641,KennedyTedesco
1497691388641,manojkumarm
1497691388641,neurotech
1497691388641,tunnckoCore
1497691388641,zebapy
1497691388641,jeyraof
1497691388641,outsideris
1497691388641,uiureo
1497691388641,matthewhochler
1497691388641,phongtattuan
1497691388641,glena
1497691388641,MIJOTHY
1497691388641,sethvincent
1497691388641,ralphtheninja
1497691388641,latentflip
1497691388641,denistsoi
1497691388641,olizilla
1497691388641,sam-splat
1497691388641,dmail
1497691388641,adrianblynch
1497691388641,gaving
1497691388641,xukeek
1497691388641,luissquall
1497691388641,dmjio
1497691388641,Jaraxal
1497691388641,karlhorky
1497691388641,svnlto
1497691388641,KlausTrainer
1497691388641,mattste
1497691388641,lorenzomar
1497691388641,NataliaLKB
1497691388641,Phonbopit
1497691388641,zhangchiqing
1497691388641,kfei
1497691388641,zachguo
1497691388641,shamsher31
1497691388641,elf-pavlik
1497691388641,elumalai
1497691388641,utopiaio
1497691388641,stackmutt
1497691388641,edwardcodes
1497691388641,malte-wessel
1497691388641,brucealex
1497691388641,weaktyper
1497691388641,kysnm
1497691388641,akashgupta88
1497691388641,hooblei
1497691388641,sitamet
1497691388641,RickDT
1497691388641,ruben1
1497691388641,lordofthejars
1497691388641,poeticninja
1497691388641,aliem
1497691388641,bpryer
1497691388641,gobhi
1497691388641,eljefedelrodeodeljefe
1497691388641,iteles
1497691388641,cdnsteve
1497691388641,oluoluoxenfree
1497691388641,gregaubs
1497691388641,izaakrogan
1497691388641,besarthoxhaj
1497691388641,eabait
