1497690044899,nelsonic
1497690044899,sofer
1497690044899,olizilla
1497690044899,tonydaly
1497690044899,krosti
1497690044899,iteles
1497690044899,hyprstack
1497690044899,edwardcodes
1497690044899,NataliaLKB
1497690044899,Danwhy
1497690044899,Jasonspd
1497690044899,msmichellegar
1497690044899,minaorangina
1497690044899,heron2014
1497690044899,gregaubs
1497690044899,sarahabimay
1497690044899,tsop14
1497690044899,perborgen
1497690044899,benjaminlees
1497690044899,dwyl-dummy
1497690044899,beechware
1497690044899,des-des
1497690044899,jackcarlisle
1497690044899,roryc89
1497690044899,naazy
1497690044899,Conorc1000
1497690044899,mk4111
1497690044899,numo-labs-ci
1497690044899,SimonLab
1497690044899,HeYang1024
1497690044899,sohilpandya
1497690044899,quiet324
1497690044899,Jbarget
