1497690044899,JonatanSalas
1497690044899,raunaqss
1497690044899,cardotrejos
1497690044899,doodlemoonch
1497690044899,chenkaiC4
1497690044899,Kuchiriel
1497690044899,Cleop
1497690044899,markwilliamfirth
1497690044899,fazlerabby07
1497690044899,denji
1497690044899,piccoloaiutante
1497690044899,quiet324
1497690044899,citelao
1497690044899,msaron
1497690044899,shouston3
1497690044899,d3viant0ne
1497690044899,gusgard
1497690044899,briangershon
1497690044899,axpro
1497690044899,adam-beck
1497690044899,nicon-dev
1497690044899,traducer
1497690044899,Conorc1000
1497690044899,edwardcodes
1497690044899,iteles
1497690044899,yolt
1497690044899,nelsonic
