1498309522306,nelsonic
1498309522306,iteles
1498309522306,sofer
1498309522306,tonydaly
1498309522306,sohilpandya
1498309522306,tunnckoCore
1498309522306,beechware
1498309522306,SimonLab
1498309522306,heron2014
1498309522306,JoeTanner
1498309522306,tsop14
1498309522306,benjaminlees
1498309522306,minaorangina
1498309522306,katkelemen
1498309522306,msmichellegar
1498309522306,Jbarget
1498309522306,naazy
1498309522306,Conorc1000
1498309522306,thegsi
1498309522306,jackcarlisle
1498309522306,des-des
1498309522306,mantagen
1498309522306,rug1
1498309522306,JackTierney
1498309522306,ronanyeah
1498309522306,Charlotteis
