1497690044899,geekodour
1497690044899,Srijancse
1497690044899,Y-LyN-10
1497690044899,markwilliamfirth
1497690044899,quiet324
1497690044899,mhaidarh
1497690044899,Movsun
1497690044899,vinhsu
1497690044899,code4aman
1497690044899,pigiuz
1497690044899,fmoliveira
1497690044899,iteles
1497690044899,tormod17
1497690044899,sohilpandya
1497690044899,axd1967
1497690044899,edwardcodes
1497690044899,kinozenc
1497690044899,capaj
1497690044899,orliesaurus
1497690044899,iancrowther
1497690044899,joaquimserafim
1497690044899,nelsonic
