1497690044899,duycuong87vn
1497690044899,Carsten-R
1497690044899,prKassad
1497690044899,markwilliamfirth
1497690044899,Y-LyN-10
1497690044899,LouisLoode
1497690044899,iagomelanias
1497690044899,joseluisq
1497690044899,mhaidarh
1497690044899,MassimoCappellano
1497690044899,quiet324
1497690044899,pankajpatel
1497690044899,mitchellporter
1497690044899,mayoralito
1497690044899,ignaciogiri
1497690044899,developit
1497690044899,amilner42
1497690044899,artemdemo
1497690044899,divramod
1497690044899,alexdrans
1497690044899,schettino
1497690044899,groundc
1497690044899,ccnokes
1497690044899,vincent925
1497690044899,futurist
1497690044899,theevenprime2
1497690044899,OscarYuen
1497690044899,phoenixbox
1497690044899,wootsaejao
1497690044899,yolt
1497690044899,djgable47
1497690044899,pierreco
1497690044899,Traviskn
1497690044899,iteles
1497690044899,bmcmahen
1497690044899,mariangibala
1497690044899,jalcine
1497690044899,nodeco
1497690044899,sam-splat
1497690044899,Jaraxal
1497690044899,edwardcodes
1497690044899,harriha
1497690044899,nelsonic
