1497690044899,luckyincode
1497690044899,jerryharrison
1497690044899,setegonz
1497690044899,newswim
1497690044899,orchestration2016
1497690044899,innov8tor3
1497690044899,carloslfu
1497690044899,rafaelramalho19
1497690044899,bastilimbach
1497690044899,stivenson
1497690044899,jackmac92
1497690044899,tedmothership
1497690044899,markwilliamfirth
1497690044899,iagomelanias
1497690044899,florido
1497690044899,artbelov
1497690044899,JoseCage
1497690044899,carolrmc
1497690044899,lucascaton
1497690044899,quiet324
1497690044899,tenub
1497690044899,v-a-kernel
1497690044899,khahantk
1497690044899,sfauvart
1497690044899,secwang
1497690044899,almereyda
1497690044899,sfabriece
1497690044899,elf-pavlik
1497690044899,akbaryu
1497690044899,jorda0mega
1497690044899,futurist
1497690044899,llun
1497690044899,tormod17
1497690044899,mhaidarh
1497690044899,egladman
1497690044899,melbarch
1497690044899,angusshire
1497690044899,satnami
1497690044899,seripap
1497690044899,glennschler
1497690044899,carloscasalar
1497690044899,robotomize
1497690044899,notenociz
1497690044899,maff
1497690044899,farrisA27
1497690044899,jalcine
1497690044899,gabrielperales
1497690044899,yolt
1497690044899,JayFliz
1497690044899,AndersDJohnson
1497690044899,gregschoen
1497690044899,tunnckoCore
1497690044899,fmoliveira
1497690044899,kishorIntelligrape
1497690044899,hyprstack
1497690044899,jrmce
1497690044899,izaakrogan
1497690044899,brezal
1497690044899,adamkowalczyk
1497690044899,nodeco
1497690044899,va-task
1497690044899,aripatrick
1497690044899,iteles
1497690044899,goobeck
1497690044899,NataliaLKB
1497690044899,intool
1497690044899,edwardcodes
1497690044899,joaquimserafim
1497690044899,nelsonic
