1497690044899,absynce
1497690044899,jer8
1497690044899,tappan-ajmera
1497690044899,tanken
1497690044899,bcamel
1497690044899,jamesharrington
1497690044899,jerryharrison
1497690044899,gasparrobi
1497690044899,macintoshhelper
1497690044899,he11yeah
1497690044899,Niklus
1497690044899,skparallax
1497690044899,sistemaon
1497690044899,nynd
1497690044899,Kurosama
1497690044899,AerisG222
1497690044899,fescate
1497690044899,dalkir
1497690044899,wsihmh
1497690044899,niksrc
1497690044899,mattbis
1497690044899,beardfacebo
1497690044899,daorte
1497690044899,ahsansher
1497690044899,qcom
1497690044899,jwcastillo
1497690044899,simontegg
1497690044899,gusgard
1497690044899,UlisesGascon
1497690044899,ankur-gupta
1497690044899,CrCs2O4
1497690044899,robertocarroll
1497690044899,Grenoblois
1497690044899,zzhakupov
1497690044899,UgurAldanmaz
1497690044899,andrebb
1497690044899,Kuchiriel
1497690044899,coderrick
1497690044899,karinakozarova
1497690044899,rug1
1497690044899,gvsvarun
1497690044899,kaoussi
1497690044899,zugarzeeker
1497690044899,forgivethefool
1497690044899,patrickoliveras
1497690044899,Vultur
1497690044899,hari-tw
1497690044899,rhamzeh
1497690044899,kfern
1497690044899,carloslfu
1497690044899,ravshansbox
1497690044899,NE-SmallTown
1497690044899,joaovicentesouto
1497690044899,pablocarreraest
1497690044899,echeong09
1497690044899,Chiamaka
1497690044899,jaysonc17
1497690044899,limbobark
1497690044899,joffilyfe
1497690044899,calpa
1497690044899,marcoroganovic
1497690044899,papucho
1497690044899,pgom
1497690044899,BartBucknill
1497690044899,p3k
1497690044899,CoderDennis
1497690044899,nplusp
1497690044899,itscursedphil
1497690044899,Cleop
1497690044899,ryanpcmcquen
1497690044899,deadcoder0904
1497690044899,maxgerber
1497690044899,lydivetteroldan
1497690044899,thevangelist
1497690044899,jeerbl
1497690044899,spences10
1497690044899,Web-Dev-Rich
1497690044899,gogobebe2
1497690044899,eiriklv
1497690044899,alpanayotov
1497690044899,Pklong
1497690044899,keerthivasan-r
1497690044899,codejet
1497690044899,jackmac92
1497690044899,zhsso
1497690044899,yosriady
1497690044899,yenashi
1497690044899,markwilliamfirth
1497690044899,YvesMuyaBenda
1497690044899,kaushik94
1497690044899,Biffyn
1497690044899,niwolive
1497690044899,Fi3
1497690044899,thereisnowinter
1497690044899,PeterDee
1497690044899,iqbaladan
1497690044899,aprilrssmith
1497690044899,atralice
1497690044899,adasilva
1497690044899,saurabhmarpadge
1497690044899,jinjorge
1497690044899,FreakishLancer
1497690044899,jyk88
1497690044899,PopularDemand
1497690044899,newswim
1497690044899,Shirlazybrat
1497690044899,jthomasFR
1497690044899,saifdevops
1497690044899,AK4848
1497690044899,faiz121
1497690044899,GarySiu
1497690044899,devanshdalal
1497690044899,revelt
1497690044899,madeleinel
1497690044899,hectorsanchezmx
1497690044899,florido
1497690044899,mbrien12
1497690044899,ricardoorellana
1497690044899,adrian-tiberius
1497690044899,leotm
1497690044899,kevincobain2000
1497690044899,rsp
1497690044899,kuznetsovandrey76
1497690044899,SuperHaker
1497690044899,amior
1497690044899,rkrp
1497690044899,pauldariye
1497690044899,yurm04
1497690044899,GSoster
1497690044899,anweshknayak
1497690044899,DavidBM
1497690044899,ritsute
1497690044899,jatindhankhar
1497690044899,carolrmc
1497690044899,jabedhasan21
1497690044899,vyorkin
1497690044899,perborgen
1497690044899,rchovatiya88
1497690044899,Cesarlachapelle
1497690044899,AnnekaSillitoe
1497690044899,cnak
1497690044899,nodexo
1497690044899,pinglinh
1497690044899,megantaylor
1497690044899,sunnypatel165
1497690044899,calebsylvest
1497690044899,groteworld
1497690044899,quiet324
1497690044899,gabrielPeart
1497690044899,bjornlarus
1497690044899,v-a-kernel
1497690044899,marcoturi
1497690044899,mk4111
1497690044899,divayprakash
1497690044899,88ee55
1497690044899,ionphractal
1497690044899,peterjenkins
1497690044899,onlurking
1497690044899,mitchellporter
1497690044899,herecomesjaycee
1497690044899,JoseCage
1497690044899,connor11528
1497690044899,devdlabs
1497690044899,eosimosu
1497690044899,jpwiddy
1497690044899,1c7
1497690044899,marion-lv
1497690044899,bpstein
1497690044899,valterlima
1497690044899,ashikul
1497690044899,amtruenorth
1497690044899,thalef
1497690044899,dfalbel
1497690044899,mrprompt
1497690044899,jmmendivil
1497690044899,felikjunvianto
1497690044899,pedrro
1497690044899,SZ67
1497690044899,LasaleFamine
1497690044899,zack9433
1497690044899,chackomathew
1497690044899,douglascorrea
1497690044899,deerawan
1497690044899,mhaidarh
1497690044899,raunaqrox
1497690044899,paulstefanday
1497690044899,kirillDanshin
1497690044899,barinali
1497690044899,Viltaria
1497690044899,jaels
1497690044899,MarckK
1497690044899,heatherlauren
1497690044899,sofiapoh
1497690044899,nogainbar
1497690044899,stevelaskaridis
1497690044899,spacegiant
1497690044899,rakeen
1497690044899,chris-alexander
1497690044899,artitudinale1
1497690044899,Phonbopit
1497690044899,limdauto
1497690044899,oliveirafabio
1497690044899,preco21
1497690044899,jhlink
1497690044899,cmmartin
1497690044899,pscott-au
1497690044899,rnella01
1497690044899,hzlmn
1497690044899,AnnaBlackwell
1497690044899,gAdrev
1497690044899,agile6v
1497690044899,HammyHavoc
1497690044899,traducer
1497690044899,notenociz
1497690044899,SaishRedkar
1497690044899,raonav
1497690044899,Kablex
1497690044899,MrOutis
1497690044899,sofer
1497690044899,jenlouie
1497690044899,pkafei
1497690044899,sjnorth
1497690044899,stanzheng
1497690044899,jorda0mega
1497690044899,lrezende
1497690044899,camillacolser
1497690044899,fibo
1497690044899,noogen
1497690044899,futurist
1497690044899,varunvairavan
1497690044899,daymos
1497690044899,deepalma
1497690044899,JuanCrg90
1497690044899,mjsisley
1497690044899,brianwdunlap
1497690044899,cengizdilber
1497690044899,MofeLee
1497690044899,taiansu
1497690044899,rajdeep1008
1497690044899,livfwd
1497690044899,saurabhariyan
1497690044899,wildcard
1497690044899,moun3imy
1497690044899,melbarch
1497690044899,davidenq
1497690044899,mugli
1497690044899,MunGell
1497690044899,Charlotteis
1497690044899,zone-live
1497690044899,vdeturckheim
1497690044899,Shipow
1497690044899,vinicius0026
1497690044899,Nalinc
1497690044899,angusshire
1497690044899,satnami
1497690044899,roryrjb
1497690044899,dochang
1497690044899,iamfelipemattos
1497690044899,AlejoJamC
1497690044899,belloli
1497690044899,frbk
1497690044899,nschlemm
1497690044899,jimmynames
1497690044899,robotomize
1497690044899,jackcarlisle
1497690044899,pcalves
1497690044899,jalcine
1497690044899,oluoluoxenfree
1497690044899,claudioquaglia
1497690044899,sericaia
1497690044899,da-vaibhav
1497690044899,johnbrett
1497690044899,ayoungh
1497690044899,PetrKohut
1497690044899,gabrielperales
1497690044899,yolt
1497690044899,efidiles
1497690044899,Contraculto
1497690044899,export-mike
1497690044899,404pnf
1497690044899,tunnckoCore
1497690044899,fmoliveira
1497690044899,kishorIntelligrape
1497690044899,mirandapaquet
1497690044899,NataliaLKB
1497690044899,SimonLab
1497690044899,nodeco
1497690044899,va-task
1497690044899,iteles
1497690044899,edwardcodes
1497690044899,hyprstack
1498309522306,james-priest
1498309522306,MartinKavik
1498309522306,dperrera
1498309522306,darkstarmanny
