1497690044899,medhat93
1497690044899,tomsteele
1497690044899,mauriau
1497690044899,anaibol
1497690044899,gerzhan
1497690044899,Geril
1497690044899,marcoroganovic
1497690044899,milescui
1497690044899,yansenarmandau
1497690044899,mrtavat
1497690044899,Fenicio
1497690044899,ryekerjh
1497690044899,adamkelsall
1497690044899,mhn4work
1497690044899,DyncMing
1497690044899,j4jinx
1497690044899,Talento90
1497690044899,MarcoCFA
1497690044899,DavidHavl
1497690044899,anupvarghese
1497690044899,cbebry
1497690044899,Nico87LBS
1497690044899,nihaoit
1497690044899,JonatanSalas
1497690044899,leftjs
1497690044899,geilsonrm
1497690044899,leosilvadev
1497690044899,elqsar
1497690044899,kleicht
1497690044899,mingliao
1497690044899,talesbaz
1497690044899,Sparklet73
1497690044899,sent1nel
1497690044899,moacirosa
1497690044899,hailwood
1497690044899,simalexan
1497690044899,kaoussi
1497690044899,mkaag
1497690044899,Mathiasduc
1497690044899,Rulox
1497690044899,siagung
1497690044899,anhdt1987vn
1497690044899,pstanislav
1497690044899,mattc41190
1497690044899,NE-SmallTown
1497690044899,iraniamir
1497690044899,alycd
1497690044899,dennyd
1497690044899,ahmedNY
1497690044899,epappas
1497690044899,mjurincic
1497690044899,looveu
1497690044899,neomaxzero
1497690044899,stivenson
1497690044899,alexisbg
1497690044899,robman87
1497690044899,Carsten-R
1497690044899,amirarsalan
1497690044899,markwilliamfirth
1497690044899,tdeekens
1497690044899,noveogroup-amorgunov
1497690044899,Netrics
1497690044899,Y-LyN-10
1497690044899,PizzaBrandon
1497690044899,klauskohut
1497690044899,browniefed
1497690044899,mcstover
1497690044899,cgiacomi
1497690044899,kreig303
1497690044899,stewartcelani
1497690044899,bockscar
1497690044899,edwinallenz
1497690044899,jasonfill
1497690044899,codematix
1497690044899,cvharris
1497690044899,nicklaw5
1497690044899,uilyam
1497690044899,emjliano
1497690044899,sibizulu
1497690044899,iagomelanias
1497690044899,LouisLoode
1497690044899,jppellerin
1497690044899,denji
1497690044899,huangyulin2015
1497690044899,ncarroll
1497690044899,LabiKyo
1497690044899,balajmarius
1497690044899,twrobel3
1497690044899,newswim
1497690044899,VitoVan
1497690044899,jareddellitt
1497690044899,tas12
1497690044899,omarslvd
1497690044899,DenQ
1497690044899,alexismenest
1497690044899,khelle
1497690044899,piccoloaiutante
1497690044899,nerdstep
1497690044899,rxb
1497690044899,karev
1497690044899,ysvganesh
1497690044899,Nibelino
1497690044899,tomoat
1497690044899,bonecrusher
1497690044899,slaawwa
1497690044899,ZZR-china
1497690044899,rbaumier
1497690044899,JoseCage
1497690044899,quiet324
1497690044899,v12
1497690044899,telember
1497690044899,alockwood05
1497690044899,santiq
1497690044899,zacharyclaysmith
1497690044899,andyzaharia
1497690044899,rynmsh
1497690044899,nicodinh
1497690044899,pankajpatel
1497690044899,Nonemoticoner
1497690044899,gitadept
1497690044899,kizdolf
1497690044899,msaron
1497690044899,fredguile
1497690044899,freitasjuciel
1497690044899,sboisson
1497690044899,erkidhoxholli
1497690044899,rstuven
1497690044899,vattytrivedi
1497690044899,mitchellporter
1497690044899,DevinClark
1497690044899,thakkaryash94
1497690044899,fabiodamasceno
1497690044899,pyykkis
1497690044899,jameskolce
1497690044899,busseyl
1497690044899,connor11528
1497690044899,chrisvfritz
1497690044899,igoreliasm
1497690044899,codefo
1497690044899,jeltok
1497690044899,eosimosu
1497690044899,codemouse
1497690044899,elmasse
1497690044899,nelsonic
1497690044899,corsoa
1497690044899,jhawlwut
1497690044899,sbefort
1497690044899,benedyktdryl
1497690044899,corpz
1497690044899,erehmi
1497690044899,Decad
1497690044899,lucasviola
1497690044899,tothjay
1497690044899,marcogbarcellos
1497690044899,geronimo-iia
1497690044899,caboosesw
1497690044899,bencooling
1497690044899,notrab
1497690044899,andrespi
1497690044899,aalimovs
1497690044899,occultskyrong
1497690044899,clivend
1497690044899,justrdk
1497690044899,nogainbar
1497690044899,jasonjustice73
1497690044899,joe11051105
1497690044899,kamronbatman
1497690044899,chasevida
1497690044899,hhff
1497690044899,jkuri
1497690044899,mariangibala
1497690044899,Glogo
1497690044899,chow-xiang
1497690044899,aquinault
1497690044899,guido4000
1497690044899,mainiak
1497690044899,ksibod
1497690044899,NexZhu
1497690044899,cundy
1497690044899,bitbay
1497690044899,n-thongjor
1497690044899,traducer
1497690044899,desfero
1497690044899,adam-beck
1497690044899,goodmind
1497690044899,jabedhasan21
1497690044899,twelch
1497690044899,millette
1497690044899,unholyknight
1497690044899,jhernandezme
1497690044899,antony
1497690044899,felixheck
1497690044899,pygeek
1497690044899,developit
1497690044899,g3org3
1497690044899,awendland
1497690044899,tjwebb
1497690044899,sean-hill
1497690044899,kkochanski
1497690044899,epmiller8464
1497690044899,naivefun
1497690044899,rkasula
1497690044899,ryanramage
1497690044899,mcollina
1497690044899,spearwolf
1497690044899,davorbadrov
1497690044899,parkerproject
1497690044899,leonardolessa
1497690044899,joseluisq
1497690044899,garfbargle
1497690044899,tsm91
1497690044899,piyushchauhan2011
1497690044899,45kb
1497690044899,BurntCaramel
1497690044899,ChrisEbner
1497690044899,bitcloud
1497690044899,loele
1497690044899,MaySnow
1497690044899,grajib23
1497690044899,divramod
1497690044899,aayushkapoor206
1497690044899,dvrylc
1497690044899,kkemple
1497690044899,ganeshan
1497690044899,ec11
1497690044899,jorandradefig
1497690044899,floatingman
1497690044899,gusgard
1497690044899,marciomansur
1497690044899,yuryb
1497690044899,streamer45
1497690044899,FullStackForger
1497690044899,marcel-tr
1497690044899,sagic
1497690044899,framerate
1497690044899,mhaidarh
1497690044899,dietrich-stein
1497690044899,HelloYie
1497690044899,Mahdiye
1497690044899,sebastianvera
1497690044899,briandela
1497690044899,MasahiroHarada
1497690044899,robmcguinness
1497690044899,shatgupt
1497690044899,cvillerm
1497690044899,seamusleahy
1497690044899,livelifelively
1497690044899,savinash47
1497690044899,iamlacroix
1497690044899,brunosaantos
1497690044899,johntran
1497690044899,sunzhxjs
1497690044899,otajor
1497690044899,katbow
1497690044899,tu6619
1497690044899,frankleng
1497690044899,anrid
1497690044899,lucasbastianik
1497690044899,mokhann
1497690044899,nygardk
1497690044899,Neener54
1497690044899,MacTheZazou
1497690044899,hristaki
1497690044899,idanwe
1497690044899,francisykl
1497690044899,mistyharsh
1497690044899,futurist
1497690044899,rclayton-the-terrible
1497690044899,askerb
1497690044899,StarpTech
1497690044899,danistefanovic
1497690044899,kevinold
1497690044899,scootcho
1497690044899,lbdremy
1497690044899,waywaaard
1497690044899,ccnokes
1497690044899,andRyanMiller
1497690044899,JustinBeaudry
1497690044899,d3viant0ne
1497690044899,salzhrani
1497690044899,pukhalski
1497690044899,mamal72
1497690044899,jdsingh
1497690044899,export-mike
1497690044899,Eric013
1497690044899,honggui
1497690044899,esdee-git
1497690044899,naazy
1497690044899,HanSeungHo
1497690044899,Nargonath
1497690044899,indatawetrust
1497690044899,kristiankeane
1497690044899,spikehardin
1497690044899,amgohan
1497690044899,marcioadr88
1497690044899,dlong500
1497690044899,ambrons
1497690044899,ms88privat
1497690044899,sohilpandya
1497690044899,wouldgo
1497690044899,kdstew
1497690044899,wootsaejao
1497690044899,fouadkada
1497690044899,sainttail
1497690044899,AdrieanKhisbe
1497690044899,sofer
1497690044899,vdeturckheim
1497690044899,wangyun122
1497690044899,des-des
1497690044899,lokenx
1497690044899,darrencrossley
1497690044899,david-cahill
1497690044899,pontusab
1497690044899,rtorino
1497690044899,schettino
1497690044899,rongzhou
1497690044899,janbirsa
1497690044899,Itsykumo
1497690044899,fiws
1497690044899,angusshire
1497690044899,gantoday
1497690044899,SimonLab
1497690044899,valtlfelipe
1497690044899,ask007learning
1497690044899,wstam88
1497690044899,webmasterkai
1497690044899,zjrosen1
1497690044899,fknop
1497690044899,asajm
1497690044899,ggdaltoso
1497690044899,s-robertson
1497690044899,toboid
1497690044899,jdarling
1497690044899,shawn9273
1497690044899,ugurcanekimci
1497690044899,bmcmahen
1497690044899,svnlto
1497690044899,iyn
1497690044899,jcarloslopez
1497690044899,jbpionnier
1497690044899,jesusprubio
1497690044899,jalcine
1497690044899,pruett
1497690044899,chrismark
1497690044899,ballerabdude
1497690044899,GlennGeenen
1497690044899,bdbergeron
1497690044899,yolt
1497690044899,kritollm
1497690044899,Binarytales
1497690044899,nathanmarks
1497690044899,Gouthamve
1497690044899,luissquall
1497690044899,njl07
1497690044899,Faizranas
1497690044899,heron2014
1497690044899,louisbl
1497690044899,rainabba
1497690044899,fampinheiro
1497690044899,neurotech
1497690044899,AndrewKeig
1497690044899,jfresco
1497690044899,gilly3
1497690044899,zebapy
1497690044899,listepo
1497690044899,jamesdixon
1497690044899,electerious
1497690044899,frankgaldrinks
1497690044899,smallhaxe
1497690044899,sam-splat
1497690044899,dherault
1497690044899,moklick
1497690044899,izaakrogan
1497690044899,besarthoxhaj
1497690044899,mmadden
1497690044899,devinivy
1497690044899,fmoliveira
1497690044899,jlouazel
1497690044899,devfacet
1497690044899,yoshuawuyts
1497690044899,mariocasciaro
1497690044899,alanshaw
1497690044899,walling
1497690044899,nikhilaravi
1497690044899,j0shua
1497690044899,NataliaLKB
1497690044899,rationalthug
1497690044899,lean
1497690044899,PauloLuan
1497690044899,jbyck
1497690044899,zachguo
1497690044899,FennNaten
1497690044899,elf-pavlik
1497690044899,Alterprop
1497690044899,NicolasSiver
1497690044899,dvic
1497690044899,gitawego
1497690044899,brucealex
1497690044899,harriha
1497690044899,sitamet
1497690044899,Jonoh89
1497690044899,RickDT
1497690044899,eventhough
1497690044899,timoweiss
1497690044899,robby
1497690044899,poeticninja
1497690044899,diegodfsd
1497690044899,nodeco
1497690044899,rob-balfre
1497690044899,JoshMock
1497690044899,primitive-type
1497690044899,Burka-HWP
1497690044899,bs1180
1497690044899,aledbf
1497690044899,cdnsteve
1497690044899,va-task
1497690044899,iteles
1497690044899,edwardcodes
