1497690044899,philtrep
1497690044899,unitycoder
1497690044899,mattbis
1497690044899,EyalRonel
1497690044899,dwelle
1497690044899,RobDesideri
1497690044899,magicmark
1497690044899,sompylasar
1497690044899,zhenyong
1497690044899,RootMale
1497690044899,markwilliamfirth
1497690044899,ngocketit
1497690044899,electerious
1497690044899,tosone
1497690044899,ehgoodenough
1497690044899,richizo
1497690044899,mattheyan
1497690044899,sterjakovigor
1497690044899,Widcket
1497690044899,melkior
1497690044899,sdgluck
1497690044899,des-des
1497690044899,joshrtay
1497690044899,jabdul
1497690044899,hyzhak
1497690044899,vdeturckheim
1497690044899,elado
1497690044899,eiriklv
1497690044899,nikhilaravi
1497690044899,MaximAbramchuck
1497690044899,sergeylukin
1497690044899,gflandre
1497690044899,mk4111
1497690044899,vyorkin
1497690044899,openwayne
1497690044899,yolt
1497690044899,wesleytodd
1497690044899,normful
1497690044899,pyraxo
1497690044899,dschinkel
1497690044899,iteles
1497690044899,nodeco
1497690044899,edwardcodes
1497690044899,nelsonic
