1497690044899,eimfach
1497690044899,atmin
1497690044899,roll
1497690044899,idkjs
1497690044899,ooloth
1497690044899,carloscasalar
1497690044899,smarthutza
1497690044899,bo-bok
1497690044899,nynd
1497690044899,kcparashar
1497690044899,danieldc
1497690044899,alejandronanez
1497690044899,Nubuck
1497690044899,jackcarlisle
1497690044899,hyprstack
1497690044899,pankajpatel
1497690044899,joshpitzalis
1497690044899,jsartisan
1497690044899,hsribei
1497690044899,JoseCage
1497690044899,justgage
1497690044899,peterbrinck
1497690044899,harrygfox
1497690044899,Sun-Wukong
1497690044899,jalcine
1497690044899,Danwhy
1497690044899,samnnodim
1497690044899,tylernford
1497690044899,skibinska
1497690044899,hrishimittal
1497690044899,cbenz
1497690044899,YvesMuyaBenda
1497690044899,rub1e
1497690044899,markwilliamfirth
1497690044899,three60five
1497690044899,katbow
1497690044899,sofiapoh
1497690044899,ronanyeah
1497690044899,deadcoder0904
1497690044899,gabrielperales
1497690044899,yolt
1497690044899,edwardcodes
1497690044899,des-des
1497690044899,andrewMacmurray
1497690044899,sofer
1497690044899,mhaidarh
1497690044899,iteles
1497690044899,enociz
1497690044899,nelsonic
1498309522306,durancristhian
1498309522306,james-ciclitira
1498309522306,j-greig
1498309522306,timestep
1498309522306,e-schultz
1498309522306,elussich
1498309522306,mrkhdly
