1497690044899,patrickbranch
1497690044899,xpac27
1497690044899,MarkBennett
1497690044899,alongalky
1497690044899,vhr
1497690044899,TakashiOshikawa
1497690044899,shanefulmer
1497690044899,old101
1497690044899,sai2009kishore
1497690044899,makerofthings7
1497690044899,Awe23123
1497690044899,lasharela
1497690044899,rnprince
1497690044899,amirchev
1497690044899,WallyGuzman
1497690044899,simomarsili
1497690044899,Dippimunch
1497690044899,jerryharrison
1497690044899,vardo
1497690044899,stanso
1497690044899,willnode
1497690044899,meckin
1497690044899,itsrawand199
1497690044899,Igor-Yudin
1497690044899,robertoseidenberg
1497690044899,adamatan
1497690044899,deepanss
1497690044899,datdoan
1497690044899,pmcarlton
1497690044899,hao-lee
1497690044899,ninaaj
1497690044899,odonnellnoel
1497690044899,wlkr
1497690044899,TheKiteRunning
1497690044899,CosmicPuppy
1497690044899,MohamedAl-Rifay
1497690044899,icryptix
1497690044899,johnsliao
1497690044899,AlkindiX
1497690044899,orangemantis
1497690044899,make0x0
1497690044899,A-Wamp
1497690044899,LXZE
1497690044899,sairaamv
1497690044899,neizod
1497690044899,danieldc
1497690044899,thienan
1497690044899,nrhint
1497690044899,cole-hudson
1497690044899,mfournial
1497690044899,cnxh
1497690044899,liviuchircu
1497690044899,kulshekhar
1497690044899,matthewsedam
1497690044899,monotonee
1497690044899,belichuk
1497690044899,andzi
1497690044899,hheedat
1497690044899,padames
1497690044899,nakorndev
1497690044899,kenpb
1497690044899,JREAM
1497690044899,daniel-vd
1497690044899,podcastinator
1497690044899,jamesthomson
1497690044899,wajahatkarim3
1497690044899,Kuoyhout
1497690044899,HenriqueXG
1497690044899,aleatory-avers
1497690044899,osmanertem
1497690044899,BobStein
1497690044899,zwelden
1497690044899,amitdo
1497690044899,NeelShah18
1497690044899,MeowMeowMeowMeowMeowMeowMeowMeow
1497690044899,maxtor3569
1497690044899,bretsko
1497690044899,Mister4Eyes
1497690044899,QidongXD
1497690044899,fvivier-r7
1497690044899,szabacsik
1497690044899,lswainemoore
1497690044899,gcapnias
1497690044899,jiyiren
1497690044899,palpen
1497690044899,coldiceman
1497690044899,yoongkang0122
1497690044899,siolarah
1497690044899,aploium
1497690044899,Felegz
1497690044899,Radther
1497690044899,stusmall
1497690044899,Andrej1A
1497690044899,JonathanBatten
1497690044899,marcizhu
1497690044899,vertextao
1497690044899,JavaPro2000
1497690044899,chrismbarr
1497690044899,HknyYtbz
1497690044899,Zob1
1497690044899,natejfoster
1497690044899,jumpbeen
1497690044899,tom-r-o
1497690044899,tang3w
1497690044899,jonasmalacofilho
1497690044899,praveenmylavarapu
1497690044899,dakshsrivastava
1497690044899,Gibgezr
1497690044899,Ekid113
1497690044899,pranavlathigara
1497690044899,KlausVii
1497690044899,guichafy
1497690044899,mazouri
1497690044899,ty-a
1497690044899,zyp001a
1497690044899,StephenZengCn
1497690044899,zhpc
1497690044899,TraytonOtto
1497690044899,chrismoor
1497690044899,Dimercel
1497690044899,Payfu
1497690044899,fffx
1497690044899,pawelswiecki
1497690044899,lion19
1497690044899,Anemy
1497690044899,ymn1k
1497690044899,adric
1497690044899,navierula
1497690044899,JoshuaCrocker
1497690044899,hyqer
1497690044899,onkea
1497690044899,jeasinema
1497690044899,s3icc0
1497690044899,ShikChen
1497690044899,sneakerhax
1497690044899,jordanforbes
1497690044899,david942j
1497690044899,kevinchesser
1497690044899,NanoMichael
1497690044899,jaxmann
1497690044899,twalsh
1497690044899,Cololi
1497690044899,ji-zhou
1497690044899,nacerbo
1497690044899,haydarai
1497690044899,remiyu
1497690044899,mscribellito
1497690044899,vendicta
1497690044899,MehdiHmidi523
1497690044899,avitevet
1497690044899,elyisgreat
1497690044899,codeanimals
1497690044899,patela29
1497690044899,Wilou1428
1497690044899,apoterenko
1497690044899,mohamedkhattab
1497690044899,KerryWalker
1497690044899,y2bd
1497690044899,hycday
1497690044899,391546581
1497690044899,chrisiaut
1497690044899,arb362
1497690044899,hross
1497690044899,DontLookAtMe
1497690044899,camilochs
1497690044899,RealSeriousBusiness
1497690044899,phelma
1497690044899,damnever
1497690044899,PeterDing
1497690044899,martinmurciego
1497690044899,TheRyjo
1497690044899,1362288910
1497690044899,Saferman
1497690044899,enemyairship
1497690044899,Onurbon
1497690044899,heimonsy
1497690044899,mccurcio
1497690044899,JJPandari
1497690044899,SumiMakito
1497690044899,oleksandrzelentsov
1497690044899,lucianmarin
1497690044899,skyspeak
1497690044899,moxis
1497690044899,chinchang
1497690044899,iiiypuk
1497690044899,aueda
1497690044899,cg505
1497690044899,mikeleonard
1497690044899,jukov
1497690044899,nick-desteffen
1497690044899,AlexxNica
1497690044899,luowei
1497690044899,laol777
1497690044899,TMannall
1497690044899,eteamin
1497690044899,syzer
1497690044899,Overtorment
1497690044899,ktereyp
1497690044899,zhsso
1497690044899,kg5
1497690044899,markwilliamfirth
1497690044899,nacyot
1497690044899,aksbuzz
1497690044899,ELChris414
1497690044899,olekhy
1497690044899,brtknr
1497690044899,deeem119
1497690044899,kenoma
1497690044899,Alexintosh
1497690044899,IndigoMann
1497690044899,elmasrySoftWare
1497690044899,andrejasimovic
1497690044899,narwanipulkit
1497690044899,KonstantinSmirnov
1497690044899,JBLatenight
1497690044899,DerekLH
1497690044899,lightxu
1497690044899,Manato0x2cc
1497690044899,Axure
1497690044899,edmondcang
1497690044899,mangeshsn
1497690044899,JKonTiki
1497690044899,Smittyvb
1497690044899,johnnyzheng99
1497690044899,getSekhoned
1497690044899,TMuyi
1497690044899,catleeball
1497690044899,mah0001
1497690044899,rilut
1497690044899,pablojotaguardiola
1497690044899,sorooshafiee
1497690044899,Chewsterchew
1497690044899,ksaj
1497690044899,dbremner
1497690044899,isaacimholt
1497690044899,jarwalharsh
1497690044899,adeelshahid
1497690044899,lightblub
1497690044899,Dilnoor
1497690044899,EhWhoAmI
1497690044899,vladignatyev
1497690044899,pwaila
1497690044899,starbit
1497690044899,yangxin9003
1497690044899,iamyjx
1497690044899,a13ks3y
1497690044899,sirIrishman
1497690044899,paulborza
1497690044899,pheye
1497690044899,AdamK117
1497690044899,solomkinmv
1497690044899,florido
1497690044899,alexei-argus
1497690044899,Berkmann18
1497690044899,Lukas238
1497690044899,LinJM
1497690044899,davakian
1497690044899,webexp
1497690044899,Dumbgenius
1497690044899,mechatroner
1497690044899,pfj3
1497690044899,adm1n123
1497690044899,EvansThomas
1497690044899,Wes64
1497690044899,gregbuehler
1497690044899,santaniellom
1497690044899,pveyes
1497690044899,aredo
1497690044899,Siva7891
1497690044899,Mottie
1497690044899,starryanimation
1497690044899,mfessenden
1497690044899,Jason-Chan
1497690044899,DavidMetcalfe
1497690044899,rogersachan
1497690044899,byxor
1497690044899,martinlyra
1497690044899,vincent-paing
1497690044899,PyuuCH
1497690044899,Hunteram
1497690044899,danakt
1497690044899,mafiya69
1497690044899,xanderlewis
1497690044899,denisz
1497690044899,lyz19890927
1497690044899,SwiftsNamesake
1497690044899,toddfreese
1497690044899,jabbalaci
1497690044899,mili-yini
1497690044899,KarelWintersky
1497690044899,drbothen
1497690044899,coaxial
1497690044899,tones7778
1497690044899,SulavKhadka
1497690044899,tayhalla
1497690044899,Antonito
1497690044899,Highstaker
1497690044899,Ethiraric
1497690044899,eighthdesire
1497690044899,Sharknevercries
1497690044899,furzeface
1497690044899,mmariani
1497690044899,violin
1497690044899,hazimhanif
1497690044899,Glenpl
1497690044899,sjerrys
1497690044899,Judp0m
1497690044899,illogikal
1497690044899,studley13
1497690044899,sergchernata
1497690044899,nurmuhammad
1497690044899,jsquirrelz
1497690044899,vinidiktov
1497690044899,morkvd
1497690044899,nnoco
1497690044899,freesuraj
1497690044899,UnderMybrella
1497690044899,DreamAndDead
1497690044899,rhamache
1497690044899,MehdiRaash
1497690044899,rrobinsun
1497690044899,AlexeySokolov
1497690044899,SbstnErhrdt
1497690044899,saatomic
1497690044899,widescape
1497690044899,CryptArchy
1497690044899,MarkTzen
1497690044899,LagrangianPoint
1497690044899,maskull
1497690044899,aetherith
1497690044899,astraluser
1497690044899,D-H-L
1497690044899,aceiii
1497690044899,tuxcrafting
1497690044899,xunchun
1497690044899,Amazong
1497690044899,lukeorland
1497690044899,vernetit
1497690044899,gsolic
1497690044899,axeldimaria
1497690044899,deadcoder0904
1497690044899,h2rd
1497690044899,hexfaker
1497690044899,Code2Life
1497690044899,MitchellBerry
1497690044899,gellu
1497690044899,Laxa
1497690044899,riyagayasen
1497690044899,vdaubry
1497690044899,chriscorwin
1497690044899,sravankr96
1497690044899,indyfromoz
1497690044899,aritraroy
1497690044899,vijayee
1497690044899,kljensen
1497690044899,prudens
1497690044899,Sora2455
1497690044899,tushariscoolster
1497690044899,Prosodic
1497690044899,chahatupreti
1497690044899,25A0
1497690044899,KennardZhang
1497690044899,yijiang1121
1497690044899,rxng
1497690044899,gozutok
1497690044899,jucke
1497690044899,bennn
1497690044899,ShaoyiCheung
1497690044899,RobertAudi
1497690044899,Felk
1497690044899,asier-paz
1497690044899,IUdalov
1497690044899,jonny2k9
1497690044899,iver56
1497690044899,ktkization
1497690044899,bflew
1497690044899,thinkingmedia
1497690044899,qiaoshun8888
1497690044899,dsoprea
1497690044899,shaleh
1497690044899,elek
1497690044899,axawzh
1497690044899,JoshuaMathias
1497690044899,Katsutami7moto
1497690044899,whatterz
1497690044899,S-YOU
1497690044899,UnkDevE
1497690044899,tomdrever
1497690044899,Jim61C
1497690044899,shapov
1497690044899,samcaulfield
1497690044899,Devroman
1497690044899,russlamb
1497690044899,ghitza94
1497690044899,msumner91
1497690044899,brydavis
1497690044899,sghiassy
1497690044899,nex3z
1497690044899,ixvu
1497690044899,yahtnif
1497690044899,danya02
1497690044899,victorvoid
1497690044899,arturopuente
1497690044899,RJFoley
1497690044899,izmntuk
1497690044899,VagrantAI-c
1497690044899,Mr-Dai
1497690044899,Xiyng
1497690044899,morganpackard
1497690044899,mtlaird
1497690044899,LucienBrule
1497690044899,marzolfb
1497690044899,oblique63
1497690044899,zacdav
1497690044899,hack-r
1497690044899,nobe4
1497690044899,PortPixel
1497690044899,parthi82
1497690044899,sourcepirate
1497690044899,igauravsehrawat
1497690044899,pplam
1497690044899,willemdh
1497690044899,fjdu
1497690044899,arcaartem
1497690044899,shantanuo
1497690044899,theferrit32
1497690044899,pantchox
1497690044899,BookOwl
1497690044899,whatever1992
1497690044899,as-com
1497690044899,Maistho
1497690044899,alekseyrybalkin
1497690044899,avsolatorio
1497690044899,qwIvan
1497690044899,saptarsi-chowdhury
1497690044899,koallen
1497690044899,skipor
1497690044899,lichangwei
1497690044899,giscafer
1497690044899,LelesBox
1497690044899,yalu
1497690044899,kdepp
1497690044899,longtian
1497690044899,luoyjx
1497690044899,nswbmw
1497690044899,aietcn
1497690044899,DavidCai1993
1497690044899,jiyinyiyong
1497690044899,leebivip
1497690044899,dnault
1497690044899,chunlea
1497690044899,james9837
1497690044899,prods
1497690044899,j-hagedorn
1497690044899,migdall
1497690044899,erikson1970
1497690044899,wilcook
1497690044899,balta2ar
1497690044899,nclvp443
1497690044899,superinternet
1497690044899,cafe
1497690044899,subwoofer359
1497690044899,Adriqun
1497690044899,miselaytes-anton
1497690044899,dipu-bd
1497690044899,li-kang
1497690044899,rupinderjeet
1497690044899,NonlinearFruit
1497690044899,brandonpancost
1497690044899,sparky005
1497690044899,suzhen
1497690044899,lemon65
1497690044899,halolimat
1497690044899,theJollySin
1497690044899,montyanderson
1497690044899,deepakazad
1497690044899,eddiana
1497690044899,ProdigyMaster
1497690044899,Smartik89
1497690044899,org
1497690044899,Chalarangelo
1497690044899,douglascorrea
1497690044899,nucle0tides
1497690044899,dylanferguson
1497690044899,dbkvn
1497690044899,hynoor
1497690044899,eerohele
1497690044899,Jacob-Zhou
1497690044899,Froren
1497690044899,Moosedemeanor
1497690044899,zardoru
1497690044899,spamr
1497690044899,WooodHead
1497690044899,cwz8202
1497690044899,computingfreak
1497690044899,jifill
1497690044899,JoseFaeti
1497690044899,RaviPrakashYadav
1497690044899,imdragonet
1497690044899,laysent
1497690044899,tomwurzbach
1497690044899,ndbroadbent
1497690044899,rhagni
1497690044899,kite1988
1497690044899,zires
1497690044899,vktec
1497690044899,monopollly
1497690044899,koseki
1497690044899,qut
1497690044899,Salauyou
1497690044899,makeshyft-tom-g
1497690044899,miskolc
1497690044899,cog
1497690044899,korniltsev
1497690044899,iklyubanov
1497690044899,simonhf
1497690044899,bongtrop
1497690044899,DenisVuyka
1497690044899,zty5678
1497690044899,zhangleipku
1497690044899,callmehuyv
1497690044899,whatofit
1497690044899,zerilliworks
1497690044899,qian-yang
1497690044899,iQuick
1497690044899,hakimrie
1497690044899,bluemix
1497690044899,adithya321
1497690044899,mdakram
1497690044899,pinkApple
1497690044899,kwf2030
1497690044899,IAmJordanX
1497690044899,huanglizhuo
1497690044899,Phonbopit
1497690044899,tonnie17
1497690044899,willkernel
1497690044899,jiang111
1497690044899,daimajia
1497690044899,fgandiya
1497690044899,eka
1497690044899,elumalai
1497690044899,cyxxhmx12
1497690044899,erictherobot
1497690044899,adstratm
1497690044899,notionparallax
1497690044899,wpcarro
1497690044899,KevinvBre
1497690044899,Linusp
1497690044899,jtpadilla
1497690044899,RyanNutt
1497690044899,turner61
1497690044899,TraderStf
1497690044899,markhealey
1497690044899,lcaballero
1497690044899,DrevanTonder
1497690044899,iknowethyahoo
1497690044899,Gaduo
1497690044899,Rasive
1497690044899,pwk945
1497690044899,giuseppebonaccorso
1497690044899,oditorium
1497690044899,p10karthikcv
1497690044899,Jonathan0wh
1497690044899,Sydyk-Byte
1497690044899,fest
1497690044899,dsaw
1497690044899,YanhaoYang
1497690044899,bjd2385
1497690044899,NulledGravity
1497690044899,erichuang1994
1497690044899,valentjedi
1497690044899,mantono
1497690044899,agile6v
1497690044899,RichardKnop
1497690044899,adexandros
1497690044899,avikj
1497690044899,richshaw
1497690044899,JoshuaRLi
1497690044899,aleksiy325
1497690044899,xnuk
1497690044899,n00py
1497690044899,ndaidong
1497690044899,tarrex
1497690044899,UMDHackers
1497690044899,nevara
1497690044899,v4an
1497690044899,smutnyleszek
1497690044899,rousse101
1497690044899,dylanmaryk
1497690044899,niibruce
1497690044899,hasit
1497690044899,idmn
1497690044899,mackwan84
1497690044899,Ksenomenon
1497690044899,patbeagan1
1497690044899,thedustinsmith
1497690044899,mnpenner
1497690044899,liberize
1497690044899,gordonhu
1497690044899,jweinst1
1497690044899,sheagcraig
1497690044899,mrcheng0910
1497690044899,Dr-Turner
1497690044899,Peilun-Li
1497690044899,BafDyce
1497690044899,arashbi
1497690044899,jarirajari
1497690044899,mousetail
1497690044899,egorpuzyrev
1497690044899,lucasea777
1497690044899,lllllllllllllllllllllllllllllllllllllll
1497690044899,DharmeshPandav
1497690044899,huzhennan
1497690044899,craig395
1497690044899,marvolo1995
1497690044899,hongkongkiwi
1497690044899,xinhuang
1497690044899,donat-b
1497690044899,hidny
1497690044899,YenF
1497690044899,ryanpoplin
1497690044899,nasirovsh
1497690044899,jayanthkoushik
1497690044899,tedtoy
1497690044899,robmoore
1497690044899,t-k-
1497690044899,phpfour
1497690044899,ftkurt
1497690044899,mohammadg
1497690044899,krzysztof-magosa
1497690044899,cfilipov
1497690044899,powerlanguage
1497690044899,bash
1497690044899,kinlane
1497690044899,azer
1497690044899,guileen
1497690044899,huan086
1497690044899,lemi667
1497690044899,Vadimrozov
1497690044899,nitquy94
1497690044899,solodon4
1497690044899,vhula
1497690044899,ggnull35
1497690044899,quanglam2807
1497690044899,berendeanicolae
1497690044899,mantagen
1497690044899,dlrice
1497690044899,LaquerreHugo
1497690044899,escherba
1497690044899,iteles
1497690044899,ddpruitt
1497690044899,Malcx
1497690044899,caspartse
1497690044899,ekremney
1497690044899,radi-ratlh
1497690044899,theapache64
1497690044899,muhammad-maf
1497690044899,wildkarma
1497690044899,dylanblack
1497690044899,andrewschultz
1497690044899,fmoliveira
1497690044899,syxanash
1497690044899,alfateam123
1497690044899,raitucarp
1497690044899,bitmapdata
1497690044899,gzc9047
1497690044899,expando
1497690044899,snaking
1497690044899,lukasondrej
1497690044899,edwardcodes
1497690044899,rajasankar
1497690044899,sunkehappy
1497690044899,yesvods
1497690044899,arturmkrtchyan
1497690044899,wuyazi
1497690044899,akileez
1497690044899,tunnckoCore
1497690044899,antonsekatski
1497690044899,pguilford
1497690044899,duhaime
1497690044899,ricardolpd
1497690044899,alicanbatur
1497690044899,tensaix2j
1497690044899,yaodong
1497690044899,Kroid
1497690044899,nelsonic
1497690044899,melamri
1497690044899,ersin-demirtas
1497690044899,goldsborough
1497690044899,jeremykohn
1497690044899,inerg
1497690044899,tuttleb
1497946967373,zanedb
1497946967373,kostasx
1498037005587,nMichealis
1498037005587,jamielaird
1498037005587,tchaudhry91
